No.,Product Type,Product Size,Price,Color Variants,Print Variants,Image Link,Description
1,AOP Sports Bra | FA50,XS,₹460.00,white,Sublimation,https://qikink.com/wp-content/uploads/2025/08/sports-bra-dropshipping-qikink-600x600.webp,"The AOP Sports Bra is designed for movement. Made for brands and individuals who want their activewear to stand out. It brings together support, comfort, and full-surface design flexibility in one essential piece that fits right into today’s fitness and athleisure market.
Made with a durable 220 GSM poly-spandex blend, it offers a snug yet breathable fit. The mesh inner lining keeps airflow in check, while removable pads add versatility for different comfort preferences. With sizes ranging from XS to 3XL, it’s made to suit a wide range of body types without compromising style or function.
Whether you’re selling a padded sports bra for workouts, a bold printed sports bra for creator merch, or a branded custom sports bra as part of your capsule collection, this product adapts to your vision. The fade-proof all-over printing (AOP) means your artwork wraps around the entire piece front, back, and sides with vibrant, lasting colour.
There are no minimums, no stock commitments, and full support for white-label branding. Just create your design, list it in your store, and let Qikink handle the rest from print to delivery. It’s a product that helps you move fast, stay flexible, and build a brand your customers can wear with confidence."
1,AOP Sports Bra | FA50,S,₹460.00,white,Sublimation,https://qikink.com/wp-content/uploads/2025/08/sports-bra-dropshipping-qikink-600x600.webp,
1,AOP Sports Bra | FA50,M,₹460.00,white,Sublimation,https://qikink.com/wp-content/uploads/2025/08/sports-bra-dropshipping-qikink-600x600.webp,
1,AOP Sports Bra | FA50,L,₹460.00,white,Sublimation,https://qikink.com/wp-content/uploads/2025/08/sports-bra-dropshipping-qikink-600x600.webp,
1,AOP Sports Bra | FA50,XL,₹460.00,white,Sublimation,https://qikink.com/wp-content/uploads/2025/08/sports-bra-dropshipping-qikink-600x600.webp,
1,AOP Sports Bra | FA50,2XL,₹460.00,white,Sublimation,https://qikink.com/wp-content/uploads/2025/08/sports-bra-dropshipping-qikink-600x600.webp,
1,AOP Sports Bra | FA50,3XL,₹460.00,white,Sublimation,https://qikink.com/wp-content/uploads/2025/08/sports-bra-dropshipping-qikink-600x600.webp,
2,Baby Tee | FT47,XS,₹160.00,white,"DTF,VinyL,DTG,Embroidery",https://qikink.com/wp-content/uploads/2025/07/Baby-tee-print-on-demand-qikink-600x600.webp,"The Baby Tee is more than just a trend; it’s one of the most in-demand products in India’s Gen Z fashion space right now. From college students and influencers to lifestyle brands, everyone’s adding cropped baby tees to their wardrobe or storefront.
Made from a 240 GSM blend of 95% cotton and 5% spandex, this tee provides a snug, stretchy fit that retains its shape after multiple washes. It’s pre-shrunk, bio-washed, and breathable, meaning it feels soft against the skin while still offering structure and durability. The cropped length and fitted silhouette give it a clean, trend-forward look that works well for both minimalist designs and bold graphics.
Whether you’re creating a white baby tee with a small logo, a black baby tee with bold vinyl artwork, or a complete set of cute baby tees featuring embroidered icons, this product suits a variety of aesthetic styles. It’s perfect for casual wear, campus collections, or merchandise for content creators.
No minimums, no hassle. Just upload your design, connect your store, and Qikink handles the rest from printing to doorstep delivery.
If you’re looking to add a product that’s already in demand, easy to sell, and fits current fashion trends, this baby tee is a great choice. It’s affordable, fast-moving, and precisely what your customers are searching for."
2,Baby Tee | FT47,S,₹160.00,white,"DTF,VinyL,DTG,Embroidery",https://qikink.com/wp-content/uploads/2025/07/Baby-tee-print-on-demand-qikink-600x600.webp,
2,Baby Tee | FT47,M,₹160.00,white,"DTF,VinyL,DTG,Embroidery",https://qikink.com/wp-content/uploads/2025/07/Baby-tee-print-on-demand-qikink-600x600.webp,
2,Baby Tee | FT47,L,₹160.00,white,"DTF,VinyL,DTG,Embroidery",https://qikink.com/wp-content/uploads/2025/07/Baby-tee-print-on-demand-qikink-600x600.webp,
2,Baby Tee | FT47,XL,₹160.00,white,"DTF,VinyL,DTG,Embroidery",https://qikink.com/wp-content/uploads/2025/07/Baby-tee-print-on-demand-qikink-600x600.webp,
2,Baby Tee | FT47,2XL,₹160.00,white,"DTF,VinyL,DTG,Embroidery",https://qikink.com/wp-content/uploads/2025/07/Baby-tee-print-on-demand-qikink-600x600.webp,
3,Acrylic Display Stands,Standard,₹140.00,white,UV,https://qikink.com/wp-content/uploads/2025/07/Acrylic-stand-qikink-600x600.webp,"Practical, versatile, and easy to perso""""lize. Acrylic display stands make it simple for sellers to create custom pieces that work in any setting. Whether it’s a QR code at a trade booth, a menu on a café counter, or a photo stand for a client gift, this lightweight tabletop display fits right in.
Available in 4×6-inch size, these stands are printed with long-lasting UV ink that keeps designs sharp and vibrant. With no minimum order required, sellers can launch custom designs for events, promotions, or daily retail use without risk.
These make great additions to perso""""lized gifting kits, shop counters, or product highlight spots, offering a clean, premium finish that doesn’t distract from the message. Works excellently as perso""""lised desk or entryway accents, whether it’s a """"me, desti""""tion, quote, or logo.
Upload your artwork, list it in your store, and let us handle the fulfillment."
4,Bookmarks​,Classic/ Curved top,₹60.00,white,UV,https://qikink.com/wp-content/uploads/2025/07/custom-bookmarks-online-qikink-600x600.webp,"Simple, stylish, and practical. Acrylic bookmarks are a thoughtful addition to any product lineup. Whether you’re building a stationery brand, curating event giveaways, or adding small-ticket items to boost cart value, these bookmarks offer the perfect mix of function and design.
Printed with fade-proof UV ink, your designs. From quotes and artwork to logos and """"mes. Stay clear and crisp over time. They’re waterproof, durable, and built to survive regular use in books, planners, or jour""""ls.
With their sleek, glossy finish and 3mm thick build, these custom bookmarks make great branded freebies, classroom rewards, or wedding and event inserts. No minimums mean you can test ideas or run niche collections with ease.
Ideal for dropshipping, print-on-demand, or bulk gifting. Just upload your design and let Qikink take care of printing and shipping.
Start offering perso""""lised bookmarks that people actually want to keep!"
5,Dog Tags,Standard,₹120.00,Silver,Engraving,https://qikink.com/wp-content/uploads/2025/06/Dog-Tags-for-men-printing-qikink-600x600.webp,"This isn’t just another tag, it’s something perso""""l. Whether it’s a """"me, a date, or a reminder you want to carry with you, every engraving tells a story. And that story stays with you.
Built from strong stainless steel and finished with a clean, glossy surface, these dog tags are made to last. They’re lightweight, comfortable to wear, and come with a ball chain, ready to go. Available in silver color with a sharp and timeless design.
They’re a great pick for anyone looking for custom dog tags for men, dog """"me tags, or even engraved dog tags for humans that aren’t just decorative but actually meaningful. Many use them for weddings, team events, or as perso""""l keepsakes. With no minimum order, you can create just one or a hundred.
Whether you’re starting a print-on-demand brand, running a dropshipping store, or organizing a community event, these military dog tags are a simple way to offer something real.
Start designing yours today. Let your story stay with them.
Please Note:
Dog tags are engraved on stainless steel, so the fi""""l output will be a single-color engraving, not a multicolor.
Silver tags engraved with black prints."
6,Acrylic Poster,12x12,₹160-₹600,white,UV,https://qikink.com/wp-content/uploads/2023/06/Plain-Acrylic-Sheet-qikink-600x600.webp,"Acrylic posters are a sleek, ready-to-sell wall decor option for your store. Printed on glossy 3mm acrylic using UV technology, they stick directly to the wall. No frame, """"ils, or tools needed. The colors stay sharp and vibrant, and the finish gives your designs a premium look customers notice.
ey’re perfect for creators, home brands, and merch sellers. Many use them for perso""""lized gifts, motivatio""""l quote prints, or campaign-based designs. Event organizers and colleges also use them to mark zones or decorate walls during fests, parties, or brand activations. Making them useful beyond just home decor.
With Qikink’s print-on-demand support, you can launch custom poster designs without holding any stock. Each order is printed, packed with eco-friendly materials, and shipped straight to your customer.
Start offering acrylic photo prints that are easy to sell, easy to ship, and made to impress."
6,Acrylic Poster,16x16,₹160-₹600,white,UV,https://qikink.com/wp-content/uploads/2023/06/Plain-Acrylic-Sheet-qikink-600x600.webp,
6,Acrylic Poster,16x24,₹160-₹600,white,UV,https://qikink.com/wp-content/uploads/2023/06/Plain-Acrylic-Sheet-qikink-600x600.webp,
6,Acrylic Poster,8x8,₹160-₹600,white,UV,https://qikink.com/wp-content/uploads/2023/06/Plain-Acrylic-Sheet-qikink-600x600.webp,
6,Acrylic Poster,A3,₹160-₹600,white,UV,https://qikink.com/wp-content/uploads/2023/06/Plain-Acrylic-Sheet-qikink-600x600.webp,
6,Acrylic Poster,A4,₹160-₹600,white,UV,https://qikink.com/wp-content/uploads/2023/06/Plain-Acrylic-Sheet-qikink-600x600.webp,
7,Acrylic Coasters,circle/rectangle,₹70.00,white,UV,https://qikink.com/wp-content/uploads/2023/06/rectangle-acrylic-coaster-printing-dropshipping-qikink-600x600.webp,"These aren’t just coasters, they’re brandable moments, practical gifts, and small-format products your customers will actually keep. Made from durable acrylic with a full white base and glossy finish, every piece is UV printed for fade-proof clarity and color.
Available with square or round acrylic coaster options, they’re perfect for perso""""lized occasions, branded giveaways, retail drops, or corporate gift kits. The full-white base ensures colors pop, while the OEKO-TEX certified inks give peace of mind for safe use.
No minimums mean full flexibility. Sell as single custom gifts or fulfill bulk promotio""""l acrylic coaster orders without stocking inventory.
Make your designs stand out, right where people set down their drinks."
8,Luggage Tags,Rectangle,₹70.00,white,UV,https://qikink.com/wp-content/uploads/2023/06/luggage-tags-qikink-600x600.webp,"Perso""""lized luggage tags are more than just travel accessories. They’re mobile branding tools, conversation starters, and practical keepsakes that people actually use. These acrylic luggage tags are built for repeat journeys, finished with a durable glossy surface, and printed on both sides with vibrant UV ink that stays sharp through every trip.
With a secure locking strap and double-sided print area, they’re made for visibility. Whether you’re creating custom bag tags for a boutique brand, offering baggage tags as part of a travel merch bundle, or designing luggage tags perso""""lized in India for events or employee gifting. These tags deliver quality without compromise.
No minimum order means flexibility. Sell one-off perso""""lized tags, fulfill bulk dropshipping orders, or create branded travel kits with your custom designs. They’re compact, useful, and ideal for creators, businesses, and retailers alike."
9,Tie Dye Oversized T-Shirt | UT58,XS,₹350.00,"Brown Black/Green black/ white black/white lavender/yellow Tie Die
 
  ",DTF/Vinyl/Embroidery,https://qikink.com/wp-content/uploads/2025/06/white-black-tie-dye-t-shirt-qikink-600x600.webp,"Add a splash of color to your collection with our tie-and-dye oversized T-shirt. It’s a perfect blend of comfort, style, and individuality. Designed for creators and brands who want to stand out, this is one of the best T-shirts for tie-dye lovers seeking that effortless, expressive vibe.
Made from a premium 260 GSM fabric with 90% cotton and 10% polyester, each piece is pre-shrunk, bio-washed, and crafted for a smooth finish that feels as good as it looks.
The drop shoulder cut and lycra ribbed neck offer a relaxed oversized fit that works for both men and women, making it a versatile pick whether you’re selling mens tie dye t shirts or tie and dye t shirt women collections.
No inventory? No problem. With Qikink’s Print on Demand and Dropshipping support, you can launch your own pastel tie dye t shirt line without worrying about minimums, storage, or logistics. Just focus on your designs, we’ll handle the rest.
Whether you’re building a streetwear brand or adding a bold staple to your store, our tie and dye t shirt delivers high style and creative freedom in every thread.
Important Note:
* All tie-dye work is 100% handmade. Every product is Unique and differ slightly in patterns & colors."
9,Tie Dye Oversized T-Shirt | UT58,S,₹350.00,,DTF/Vinyl/Embroidery,https://qikink.com/wp-content/uploads/2025/06/white-black-tie-dye-t-shirt-qikink-600x600.webp,
9,Tie Dye Oversized T-Shirt | UT58,M,₹350.00,,DTF/Vinyl/Embroidery,https://qikink.com/wp-content/uploads/2025/06/white-black-tie-dye-t-shirt-qikink-600x600.webp,
9,Tie Dye Oversized T-Shirt | UT58,L,₹350.00,,DTF/Vinyl/Embroidery,https://qikink.com/wp-content/uploads/2025/06/white-black-tie-dye-t-shirt-qikink-600x600.webp,
9,Tie Dye Oversized T-Shirt | UT58,XL,₹350.00,,DTF/Vinyl/Embroidery,https://qikink.com/wp-content/uploads/2025/06/white-black-tie-dye-t-shirt-qikink-600x600.webp,
9,Tie Dye Oversized T-Shirt | UT58,2XL,₹350.00,,DTF/Vinyl/Embroidery,https://qikink.com/wp-content/uploads/2025/06/white-black-tie-dye-t-shirt-qikink-600x600.webp,
9,Tie Dye Oversized T-Shirt | UT58,3XL,₹350.00,,DTF/Vinyl/Embroidery,https://qikink.com/wp-content/uploads/2025/06/white-black-tie-dye-t-shirt-qikink-600x600.webp,
10,Tie Dye Shorts | UT68,XS,₹380.00,"Brown black/Green black/ 
white black/white lavender/
yellow Tie Die",DTF/Vinyl/Embroidery,https://qikink.com/wp-content/uploads/2025/06/tie-dye-shorts-qikink-600x600.webp,"Add a relaxed, colorful edge to your collection with these Tie Dye Shorts. Made for comfort, movement, and casual style. Whether you’re building a summer drop, an all-day loungewear set, or a streetwear collection, these tie and dye shorts are a must-have for modern fashion brands.
Crafted from 260 GSM fabric with a 90% cotton and 10% polyester blend, they offer just the right balance of softness and structure. The shorts are pre-shrunk and bio-washed to ensure they hold their shape and color.
With a drawcord elastic waist and easy slip-in pockets, the fit feels effortless for any body type, available in unisex sizing and ready for daily wear.
There are no minimum order requirements, and the shorts are compatible with multiple print methods. You can offer them as standalone products or pair them with our oversized tie dye t-shirts to create matching co-ord sets for men and women. With Qikink’s print-on-demand and dropshipping model, you design and sell while we take care of everything else."
10,Tie Dye Shorts | UT68,S,₹380.00,,DTF/Vinyl/Embroidery,https://qikink.com/wp-content/uploads/2025/06/tie-dye-shorts-qikink-600x600.webp,
10,Tie Dye Shorts | UT68,M,₹380.00,,DTF/Vinyl/Embroidery,https://qikink.com/wp-content/uploads/2025/06/tie-dye-shorts-qikink-600x600.webp,
10,Tie Dye Shorts | UT68,L,₹380.00,,DTF/Vinyl/Embroidery,https://qikink.com/wp-content/uploads/2025/06/tie-dye-shorts-qikink-600x600.webp,
10,Tie Dye Shorts | UT68,XL,₹380.00,,DTF/Vinyl/Embroidery,https://qikink.com/wp-content/uploads/2025/06/tie-dye-shorts-qikink-600x600.webp,
10,Tie Dye Shorts | UT68,2XL,₹380.00,,DTF/Vinyl/Embroidery,https://qikink.com/wp-content/uploads/2025/06/tie-dye-shorts-qikink-600x600.webp,
11,Daily Planner,A5,₹240.00,white,Digital,https://qikink.com/wp-content/uploads/2025/05/custom-daily-planner-qikink-600x600.webp,"Daily planners are a must-have for anyone looking to stay organized and boost productivity. With Qikink’s Print-on-Demand and Dropshipping services, you can now sell custom daily planners under your own brand with no inventory, no hassle.
Each planner is a 3-month undated planner, offering flexibility for users to start anytime. It features a 300 GSM wrapper, 70 GSM inner pages, and a total of 204 pages, including 5 dotted pages for notes, sketches, or creative planning. Whether your customers need a routine planner, study planner, or a to-do list daily planner, this product is made to fit their lifestyle.
The soft-bound finish with perfect binding gives it a premium look and feel. It’s ideal for users who want a reliable productivity planner, schedule planner, or monthly planner notebook, all in one.
There are no minimum order requirements, so you can start selling right away. Whether you’re building a stationery brand or creating planners for events and teams, Qikink takes care of printing and delivery while you focus on your designs and audience.
Note:
This is a pre-designed, undated, 3-month daily planner. Customization of the cover is available."
12,Notebooks,"Ruled,Unruled",₹160.00,white,Digital,https://qikink.com/wp-content/uploads/2025/05/custom-printed-notebooks-qikink-print-on-demand-600x600.webp,
13,Bike Rider T-Shirt | MA39,XS,₹350.00,white,Sublimation,https://qikink.com/wp-content/uploads/2025/05/bike-rider-t-shirt-qikink-600x600.webp,"Introducing Qikink’s Bike Rider T-Shirt, built for speed, comfort, and bold style. Whether you’re riding on the road, racing on the track, or building a biker brand, this t-shirt delivers a professio""""l look with a performance-driven design.
Crafted from breathable 170 GSM poly mesh, this motocross-style jersey is lightweight, durable, and made to keep you cool even during the longest rides. The fade-proof print ensures your designs stay sharp, ride after ride.
From bike print t-shirts to custom biking jerseys, this tee is perfect for creators who want to launch their own line of motorcycle t-shirts or event-specific racing t-shirts. With no minimum order quantity, you can start your own collection without worrying about stock or upfront investment.
Whether it’s a dirt track event, a motorcycle club drop, or a niche fashion label, Qikink gives you the power to design and sell custom biker t-shirts online with ease."
13,Bike Rider T-Shirt | MA39,S,₹350.00,white,Sublimation,https://qikink.com/wp-content/uploads/2025/05/bike-rider-t-shirt-qikink-600x600.webp,
13,Bike Rider T-Shirt | MA39,M,₹350.00,white,Sublimation,https://qikink.com/wp-content/uploads/2025/05/bike-rider-t-shirt-qikink-600x600.webp,
13,Bike Rider T-Shirt | MA39,L,₹350.00,white,Sublimation,https://qikink.com/wp-content/uploads/2025/05/bike-rider-t-shirt-qikink-600x600.webp,
13,Bike Rider T-Shirt | MA39,XL,₹350.00,white,Sublimation,https://qikink.com/wp-content/uploads/2025/05/bike-rider-t-shirt-qikink-600x600.webp,
13,Bike Rider T-Shirt | MA39,2XL,₹350.00,white,Sublimation,https://qikink.com/wp-content/uploads/2025/05/bike-rider-t-shirt-qikink-600x600.webp,
14,Steel Water Bottle,750ml,₹250.00,Black,Engraving,https://qikink.com/wp-content/uploads/2025/05/custom-water-bottles-qikink-1-600x600.webp,"Upgrade your merchandise or gifting lineup with our 750 ml Stainless Steel Water Bottle, crafted from premium 304 stainless steel. Designed for durability and style, this engraved bottle is leak-proof, BPA-free, and eco-friendly, making it the perfect choice for everyday hydration or professio""""l branding.
Whether you’re launching custom steel water bottles for your brand, gifting corporate water bottles at events, or offering wholesale water bottles to your customers, Qikink makes it easy with no minimum order and fast fulfillment. You can even create your own water bottle design—ideal for gyms, brands, or gifting agencies.
With sleek black and silver options, our engraved bottles make excellent sports water bottles, black water bottle gifts, or promotio""""l water bottles with logo. This is a high-impact, low-effort product to add to your catalog with Qikink’s print-on-demand solutions.
Whether you’re building your brand, preparing for a corporate event, or launching a unique gift line. Start Designing Your Custom Steel Water Bottles Today!"
15,Mens Cuban Collar Shirt | MA73,XS,₹550-₹600,white,Digital Printing,https://qikink.com/wp-content/uploads/2025/03/cotton-viscose-printed-shirts-for-men-qikink-600x600.webp,"Cuban collar shirts are a staple for anyone looking to add a laid-back yet stylish touch to their wardrobe. Qikink offers high-quality Men’s Cuban Collar Printed Shirts in both cotton and viscose woven fabrics, designed for comfort, breathability, and effortless style.
Our shirts are made using digital fabric printing, ensuring vibrant all-over prints with a soft, smooth finish. The lightweight, regular fit, short sleeves, and straight hem make them perfect for casual wear, summer outings, and even resort fashion.
Looking to sell shirts online in India? With MOQ of just 50 pieces, you can start your own custom apparel brand without the hassle of ma""""ging inventory and production. Whether you’re a fashion entrepreneur, streetwear brand, or wholesale seller, these shirts offer the perfect blend of quality, trendiness, and affordability.
Qikink takes care of fabric printing, production, and fulfillment, so you can focus on creating and selling unique designs. Start your wholesale shirt business today and bring your custom all-over print shirts to life!
Start selling custom printed shirts for men with Qikink today!
Please note:
Printed shirts have a MOQ of 50 pieces. Once you place an order, we produce and stock them with us. After that, you can list them on your store and start selling without ma""""ging inventory or fulfillment hassles."
15,Mens Cuban Collar Shirt | MA73,S,₹550-₹600,white,Digital Printing,https://qikink.com/wp-content/uploads/2025/03/cotton-viscose-printed-shirts-for-men-qikink-600x600.webp,
15,Mens Cuban Collar Shirt | MA73,M,₹550-₹600,white,Digital Printing,https://qikink.com/wp-content/uploads/2025/03/cotton-viscose-printed-shirts-for-men-qikink-600x600.webp,
15,Mens Cuban Collar Shirt | MA73,L,₹550-₹600,white,Digital Printing,https://qikink.com/wp-content/uploads/2025/03/cotton-viscose-printed-shirts-for-men-qikink-600x600.webp,
15,Mens Cuban Collar Shirt | MA73,XL,₹550-₹600,white,Digital Printing,https://qikink.com/wp-content/uploads/2025/03/cotton-viscose-printed-shirts-for-men-qikink-600x600.webp,
15,Mens Cuban Collar Shirt | MA73,2XL,₹550-₹600,white,Digital Printing,https://qikink.com/wp-content/uploads/2025/03/cotton-viscose-printed-shirts-for-men-qikink-600x600.webp,
16,Scrunchies,Standard,₹40.00,white,Sublimation,https://qikink.com/wp-content/uploads/2025/04/scrunchies-qikink-600x600.webp,"Add a splash of color and style to any outfit with our all-over printed scrunchies! Perfect for everyday wear, these fabric scrunchies are made from poly spandex material, offering a lightweight, durable, and fade-proof accessory that keeps up with busy lifestyles. Whether you’re looking for cute scrunchies for casual looks or designer scrunchies to match special occasions, our collection has something for everyone.
At Qikink, we offer hair scrunchies with no minimum order requirement, making them ideal for print-on-demand, dropshipping, or building your own scrunchie set collection. Each scrunchie comes in a box packing, making it perfect for retail, gift sets, or brand promotions.
Choose from a wide range of styles like bow scrunchie, scrunchie rubber bands, and girls scrunchies that appeal to all age groups. We also offer black scrunchie options and vibrant prints to match every perso""""l style. With their silk-like feel, these satin scrunchies and silk scrunchies offer a premium touch without compromising durability.
Whether you’re targeting scrunchies for women, toddlers, or young teens, our scrunchies online collection lets you easily design and sell without worrying about inventory or production headaches. Expand your product line with wholesale scrunchies, create custom gift sets, or offer trendy scrunchie packs your customers will love.
Start creating your own range of cute scrunchies with Qikink today! Sell individually or as part of a scrunchie set to delight your customers."
17,Men’s Oversized T-shirt,XS,₹379,"White, Black, Navy Blue, Olive Green",DTG (Direct to Garment),https://qikink.com/product/oversized-men-white.jpg,Comfortable and stylish oversized T-shirt made with 100% cotton. Perfect for casual wear.
17,Men’s Oversized T-shirt,S,₹380,"White, Black, Navy Blue, Olive Green",DTG (Direct to Garment),https://qikink.com/product/oversized-men-white.jpg,
17,Men’s Oversized T-shirt,M,₹381,"White, Black, Navy Blue, Olive Green",DTG (Direct to Garment),https://qikink.com/product/oversized-men-white.jpg,
17,Men’s Oversized T-shirt,L,₹382,"White, Black, Navy Blue, Olive Green",DTG (Direct to Garment),https://qikink.com/product/oversized-men-white.jpg,
17,Men’s Oversized T-shirt,XL,₹383,"White, Black, Navy Blue, Olive Green",DTG (Direct to Garment),https://qikink.com/product/oversized-men-white.jpg,
17,Men’s Oversized T-shirt,2XL,₹384,"White, Black, Navy Blue, Olive Green",DTG (Direct to Garment),https://qikink.com/product/oversized-men-white.jpg,
18,Men’s Half Sleeve T-shirt,XS,₹299 ,"Black, White, Red, Blue, Grey",DTG,https://qikink.com/product/half-sleeve-black.jpg,Everyday half sleeve T-shirt with superior fabric and print quality.
18,Men’s Half Sleeve T-shirt,S,₹299,"Black, White, Red, Blue, Grey",DTG,https://qikink.com/product/half-sleeve-black.jpg,
18,Men’s Half Sleeve T-shirt,M,₹299 ,"Black, White, Red, Blue, Grey",DTG,https://qikink.com/product/half-sleeve-black.jpg,
18,Men’s Half Sleeve T-shirt,L,₹300,"Black, White, Red, Blue, Grey",DTG,https://qikink.com/product/half-sleeve-black.jpg,
18,Men’s Half Sleeve T-shirt,XL,₹301,"Black, White, Red, Blue, Grey",DTG,https://qikink.com/product/half-sleeve-black.jpg,
18,Men’s Half Sleeve T-shirt,2XL,₹302,"Black, White, Red, Blue, Grey",DTG,https://qikink.com/product/half-sleeve-black.jpg,
19,Men’s Polo T-shirt,XS,₹449 ,"Maroon, Navy, Black, White","Embroidery, DTG",https://qikink.com/product/polo-maroon.jpg,Smart polo T-shirt for casual and semi-formal occasions.
19,Men’s Polo T-shirt,S,₹450,"Maroon, Navy, Black, White","Embroidery, DTG",https://qikink.com/product/polo-maroon.jpg,
19,Men’s Polo T-shirt,M,₹451,"Maroon, Navy, Black, White","Embroidery, DTG",https://qikink.com/product/polo-maroon.jpg,
19,Men’s Polo T-shirt,L,₹452,"Maroon, Navy, Black, White","Embroidery, DTG",https://qikink.com/product/polo-maroon.jpg,
19,Men’s Polo T-shirt,XL,₹453,"Maroon, Navy, Black, White","Embroidery, DTG",https://qikink.com/product/polo-maroon.jpg,
19,Men’s Polo T-shirt,2XL,₹454,"Maroon, Navy, Black, White","Embroidery, DTG",https://qikink.com/product/polo-maroon.jpg,
20,Men’s Sweatshirt,XS,₹699 ,"Grey, Black, Blue",DTG,https://qikink.com/product/sweatshirt-grey.jpg,Cozy and stylish sweatshirt for cold weather.
20,Men’s Sweatshirt,S,₹699 ,"Grey, Black, Blue",DTG,https://qikink.com/product/sweatshirt-grey.jpg,
20,Men’s Sweatshirt,M,₹699 ,"Grey, Black, Blue",DTG,https://qikink.com/product/sweatshirt-grey.jpg,
20,Men’s Sweatshirt,L,₹699 ,"Grey, Black, Blue",DTG,https://qikink.com/product/sweatshirt-grey.jpg,
20,Men’s Sweatshirt,XL,₹699 ,"Grey, Black, Blue",DTG,https://qikink.com/product/sweatshirt-grey.jpg,
20,Men’s Sweatshirt,2XL,₹699 ,"Grey, Black, Blue",DTG,https://qikink.com/product/sweatshirt-grey.jpg,
21,Men’s Hoodie,XS,₹799,"Black, Olive, Navy",DTG,https://qikink.com/product/hoodie-black.jpg,Stylish hoodie designed for maximum comfort and warmth.
21,Men’s Hoodie,S,₹799,"Black, Olive, Navy",DTG,https://qikink.com/product/hoodie-black.jpg,
21,Men’s Hoodie,M,₹799,"Black, Olive, Navy",DTG,https://qikink.com/product/hoodie-black.jpg,
21,Men’s Hoodie,L,₹799,"Black, Olive, Navy",DTG,https://qikink.com/product/hoodie-black.jpg,
21,Men’s Hoodie,XL,₹799,"Black, Olive, Navy",DTG,https://qikink.com/product/hoodie-black.jpg,
21,Men’s Hoodie,2XL,₹799,"Black, Olive, Navy",DTG,https://qikink.com/product/hoodie-black.jpg,
22,Scarf,80x80 inch,₹80 – ₹115,white,Sublimation,https://qikink.com/wp-content/uploads/2025/08/scarf-print-on-demand-qikink-600x600.webp,"The Scarf is a timeless accessory with endless styling possibilities, now reimagined for sellers in print-on-demand and dropshipping. Made from lightweight poly woven satin, it delivers a silk-like smoothness with a soft, flowy drape. Customers can wear it as a winter scarf, style it as a head scarves for women, or accessorise with it year-round.
Using all-over sublimation printing, every piece transforms into a custom scarf that showcases your creative edge-to-edge. Whether you’re designing printed scarves for women, bold mens scarves, or trendy hair scarfs, the prints stay sharp and fade-proof through repeated use.
This product isn’t just fashionable, it’s multi-purpose. It can be styled as a neck wrap, a printed head scarf, or even tied onto handbags for a modern twist. From scarves for women to custom-printed scarves with no minimum, it’s a low-risk, high-appeal item for your store.
With scarf print-on-demand fulfilment, sellers can test designs without holding stock and scale quickly into wholesale scarf printing once demand grows. Affordable, durable, and trend-ready, this scarf is built to win in India’s growing fashion e-commerce space."
22,Scarf,55x55 inch,₹80 – ₹115,white,Sublimation,https://qikink.com/wp-content/uploads/2025/08/scarf-print-on-demand-qikink-600x600.webp,
23,Stole,20X70 inch,₹170.00,white,Sublimation,https://qikink.com/wp-content/uploads/2025/08/Stole-for-women-qikink-600x600.webp,"A stole is an accessory that blends sophistication with everyday practicality. Designed in satin poly-woven fabric, it offers a smooth, silk-like touch while remaining lightweight and breathable. At 20×70 inches, this stole for women drapes elegantly across the shoulders, making it a versatile piece for both traditional and western outfits.
Through sublimation all-over printing, each stole becomes a wearable canvas for your creativity. Whether it’s a satin stole with minimal tones, a printed stole with bold florals, or a winter stole for women in deeper shades, your designs stay sharp and fade-proof. Sellers can easily cater to diverse audiences from boutique fashion stores to digital-first brands by offering these styles through print-on-demand.
Practicality is built into its design. The material is durable, wrinkle-free, and soft to the touch, giving customers a product that feels premium yet low-maintenance. Its lightweight nature also makes it suitable for year-round use, whether styled as a ladies stole, a modern wrap, or even a girl stole style hair accessory.
For sellers, this product is an opportunity to launch a fast-moving category without inventory risk. With no minimums, you can test printed stoles online in India, build curated edits like festive drops or streetwear-inspired looks, and upsell them alongside tops, skirts, or jackets. The growing demand for versatile accessories in India makes this stole a brilliant addition to any fashion brand."
24,AOP Tube Tops | FT12,XS,₹110.00,white,Sublimation,https://qikink.com/wp-content/uploads/2025/08/tube-tops-qikink-print-on-demand-600x600.webp,"The Tube Top is your ticket to selling a trend that never goes out of style. Built from premium 220 GSM poly-spandex, it delivers a flattering, skin-fit look that stays comfortable all day. The elastic top edge keeps it secure, while the breathable, wrinkle-free fabric means your customers can throw it on and go, with no fuss or constant readjusting.
With all-over sublimation printing, the entire surface becomes your design space. You can turn this into a vibrant floral tube top for summer drops, a bold graphic piece for streetwear edits, or a minimal design for everyday wear. The prints stay sharp and fade-proof, giving your buyers a product they’ll wear again and again.
It’s perfect as a standalone summer piece, part of a tube top outfit, or layered under a tube top with jacket for cooler weather. You can also bundle it with a matching tube top with skirt set to boost cart value and create a must-have look for coordinated collections.
And because there’s no minimum order, you can launch instantly, test multiple designs, and scale up the winners. Whether you’re a creator selling to your followers, a student starting your own brand, or a seasoned POD seller expanding into women’s fashion, this is the kind of product that can turn casual browsers into repeat customers."
24,AOP Tube Tops | FT12,S,₹110.00,white,Sublimation,https://qikink.com/wp-content/uploads/2025/08/tube-tops-qikink-print-on-demand-600x600.webp,
24,AOP Tube Tops | FT12,M,₹110.00,white,Sublimation,https://qikink.com/wp-content/uploads/2025/08/tube-tops-qikink-print-on-demand-600x600.webp,
24,AOP Tube Tops | FT12,L,₹110.00,white,Sublimation,https://qikink.com/wp-content/uploads/2025/08/tube-tops-qikink-print-on-demand-600x600.webp,
24,AOP Tube Tops | FT12,XL,₹110.00,white,Sublimation,https://qikink.com/wp-content/uploads/2025/08/tube-tops-qikink-print-on-demand-600x600.webp,
24,AOP Tube Tops | FT12,2XL,₹110.00,white,Sublimation,https://qikink.com/wp-content/uploads/2025/08/tube-tops-qikink-print-on-demand-600x600.webp,
25,AOP Pencil Skirt | FS58,XS,₹330.00,white,Sublimation,https://qikink.com/wp-content/uploads/2025/08/pencil-skirt-qikink-print-on-demand-600x600.webp,"Our Pencil Skirt is a modern, figure-flattering essential for fashion brands, print-on-demand sellers, and dropshippers who want to offer a stylish, high-demand product. Made from premium 220 GSM poly-spandex, it delivers a sleek silhouette with everyday comfort, making it equally suited for workwear, casual styling, or special occasions.
Thanks to all-over sublimation printing, this skirt can be turned into a complete custom piece, from statement-making patterns to minimalist elegance. It works across categories, whether your customers are looking for formal pencil skirts, floral pencil skirts, or fashion-forward street styles, while keeping prints vivid and precise.
With the rising demand for unique, stylish women’s wear in India, this skirt is a proven choice for online sellers who want to stand out. Creators and students can also sell this to their younger following and friends, using it as a trend-led product to build their personal brand.
Since it has no minimum order requirement, you can launch your designs instantly, test seasonal or niche styles like winter pencil skirts or girls’ pencil skirts, and scale as orders grow. Start selling this best-seller today and give your store the competitive edge it needs in India’s growing fashion e-commerce market."
25,AOP Pencil Skirt | FS58,S,₹330.00,white,Sublimation,https://qikink.com/wp-content/uploads/2025/08/pencil-skirt-qikink-print-on-demand-600x600.webp,
25,AOP Pencil Skirt | FS58,M,₹330.00,white,Sublimation,https://qikink.com/wp-content/uploads/2025/08/pencil-skirt-qikink-print-on-demand-600x600.webp,
25,AOP Pencil Skirt | FS58,L,₹330.00,white,Sublimation,https://qikink.com/wp-content/uploads/2025/08/pencil-skirt-qikink-print-on-demand-600x600.webp,
25,AOP Pencil Skirt | FS58,XL,₹330.00,white,Sublimation,https://qikink.com/wp-content/uploads/2025/08/pencil-skirt-qikink-print-on-demand-600x600.webp,
25,AOP Pencil Skirt | FS58,2XL,₹330.00,white,Sublimation,https://qikink.com/wp-content/uploads/2025/08/pencil-skirt-qikink-print-on-demand-600x600.webp,
26,AOP Bodycon Dress | FD74,XS,₹400.00,white,Sublimation,https://qikink.com/wp-content/uploads/2025/08/womens-bodycon-dresses-all-over-print-qikink-600x600.webp,"Our Bodycon Dress is a full-length, curve-hugging silhouette made for creators, online sellers, and modern fashion brands. Crafted from high-quality 220 GSM poly-spandex, it blends structure and flexibility to create a flattering fit. The skin-fit shape paired with a side slit makes it comfortable for movement and perfect for statement styling.
This dress supports all-over printing, turning it into a canvas for your creativity. Whether you’re designing floral patterns, graphic artworks, or moodboard-inspired drops, the print wraps seamlessly from edge to edge. It’s ideal for launching signature styles like printed bodycon dresses or seasonal long bodycon collections.
The material is fade-proof, breathable, and stretchable, which means it delivers lasting print quality and consistent customer satisfaction. Whether worn solo or styled for cooler seasons, it adapts without losing shape or sharpness. The full-length coverage and clean silhouette make it a go-to piece in any fashion line.
Whether you’re creating a launch collection or testing niche products, the gives you flexibility with no minimums and fast print cycles."
26,AOP Bodycon Dress | FD74,S,₹400.00,white,Sublimation,https://qikink.com/wp-content/uploads/2025/08/womens-bodycon-dresses-all-over-print-qikink-600x600.webp,
26,AOP Bodycon Dress | FD74,M,₹400.00,white,Sublimation,https://qikink.com/wp-content/uploads/2025/08/womens-bodycon-dresses-all-over-print-qikink-600x600.webp,
26,AOP Bodycon Dress | FD74,L,₹400.00,white,Sublimation,https://qikink.com/wp-content/uploads/2025/08/womens-bodycon-dresses-all-over-print-qikink-600x600.webp,
26,AOP Bodycon Dress | FD74,XL,₹400.00,white,Sublimation,https://qikink.com/wp-content/uploads/2025/08/womens-bodycon-dresses-all-over-print-qikink-600x600.webp,
26,AOP Bodycon Dress | FD74,2XL,₹400.00,white,Sublimation,https://qikink.com/wp-content/uploads/2025/08/womens-bodycon-dresses-all-over-print-qikink-600x600.webp,
27,AOP A Line Dress | FD16,XS,₹450.00,white,Sublimation,https://qikink.com/wp-content/uploads/2025/08/a-line-dresses-for-women-qikink-1-600x600.webp,"Looking to sell dresses that actually get added to cart? This A line dress gives you everything flattering fit, smooth stretch, and a full print canvas for bold or minimal designs. With a fit and flare silhouette and breathable poly spandex fabric, it’s the kind of piece your customers wear once and ask for in more colors.
Printed using all over sublimation, your design is not boxed into a front panel. It wraps edge to edge with fade proof color that lasts. Whether it is a floral A line dress, black A line dress, or something with sleeves or patterns, you get complete freedom to express your brand without compromise.
This product fits true, stretches comfortably, and does not wrinkle easily, which means fewer returns and better reviews for your store. And with sizes ranging from XS to XXL, you can serve women and girls with a single product listing.
It is the kind of product that works well for creators testing drops, students starting fashion lines, or freelancers managing seasonal launches. You upload the design, we print and ship it under your label. All you have to do is upload once, sell forever."
27,AOP A Line Dress | FD16,S,₹450.00,white,Sublimation,https://qikink.com/wp-content/uploads/2025/08/a-line-dresses-for-women-qikink-1-600x600.webp,
27,AOP A Line Dress | FD16,M,₹450.00,white,Sublimation,https://qikink.com/wp-content/uploads/2025/08/a-line-dresses-for-women-qikink-1-600x600.webp,
27,AOP A Line Dress | FD16,L,₹450.00,white,Sublimation,https://qikink.com/wp-content/uploads/2025/08/a-line-dresses-for-women-qikink-1-600x600.webp,
27,AOP A Line Dress | FD16,XL,₹450.00,white,Sublimation,https://qikink.com/wp-content/uploads/2025/08/a-line-dresses-for-women-qikink-1-600x600.webp,
27,AOP A Line Dress | FD16,2XL,₹450.00,white,Sublimation,https://qikink.com/wp-content/uploads/2025/08/a-line-dresses-for-women-qikink-1-600x600.webp,